INSERT INTO [dbo].[AspNetRoles] ([Id], [Name], [NormalizedName], [ConcurrencyStamp]) VALUES (N'17ed3182-a000-47e2-be6c-218ffd0dd458', N'customer', N'customer', N'9fdb69c6-ba8c-425a-b12e-b48a4f23a408')
INSERT INTO [dbo].[AspNetRoles] ([Id], [Name], [NormalizedName], [ConcurrencyStamp]) VALUES (N'aaec703c-d9c9-4b5c-b520-af94616efc27', N'super_user', N'super_user', N'7f1d1716-624f-446b-b2c9-986a4e7f5241')
INSERT INTO [dbo].[AspNetUsers] ([Id], [UserName], [NormalizedUserName], [Email], [NormalizedEmail], [EmailConfirmed], [PasswordHash], [SecurityStamp], [ConcurrencyStamp], [PhoneNumber], [PhoneNumberConfirmed], [TwoFactorEnabled], [LockoutEnd], [LockoutEnabled], [AccessFailedCount]) VALUES (N'33d13aa8-0d85-4333-b4a8-e27334bbcbef', N'jack@recipes.com', N'JACK@RECIPES.COM', N'jack@recipes.com', N'JACK@RECIPES.COM', 1, N'AQAAAAEAACcQAAAAEAUIwPhuU/h45P2zHTsCzvu5s8cqzr1gtgo4NYYnHVKg99nOieiQnSudivP7Rq7YvA==', N'643RLZYYDNJZ5BKSHPSF63GCAKMUHHJM', N'cf4281ce-289f-4c40-bfaf-706c17ab7ed1', NULL, 0, 0, NULL, 1, 0)
INSERT INTO [dbo].[AspNetUsers] ([Id], [UserName], [NormalizedUserName], [Email], [NormalizedEmail], [EmailConfirmed], [PasswordHash], [SecurityStamp], [ConcurrencyStamp], [PhoneNumber], [PhoneNumberConfirmed], [TwoFactorEnabled], [LockoutEnd], [LockoutEnabled], [AccessFailedCount]) VALUES (N'64ef79e2-ea4a-4c1b-9ad3-ee4712645ee1', N'adminuser@recipes.com', N'ADMINUSER@RECIPES.COM', N'adminuser@recipes.com', N'ADMINUSER@RECIPES.COM', 1, N'AQAAAAEAACcQAAAAEB0iqmqzRuDIGfOkXulorXlQEvSkUQphxeKUZySWnyCbaljO5EsQWEW1J2VYqbCixA==', N'AZLPSMQHFESB4E5FLCXRYJPMQJOJUL7N', N'22b0a825-b362-40a9-91db-934b4693b283', NULL, 0, 0, NULL, 1, 0)
INSERT INTO [dbo].[AspNetUsers] ([Id], [UserName], [NormalizedUserName], [Email], [NormalizedEmail], [EmailConfirmed], [PasswordHash], [SecurityStamp], [ConcurrencyStamp], [PhoneNumber], [PhoneNumberConfirmed], [TwoFactorEnabled], [LockoutEnd], [LockoutEnabled], [AccessFailedCount]) VALUES (N'a4076a12-3bf8-48a7-b5f7-0217509ce7a9', N'hans@recipes.com', N'HANS@RECIPES.COM', N'hans@recipes.com', N'HANS@RECIPES.COM', 1, N'AQAAAAEAACcQAAAAEMa4W63Dj6lSTcC8O8kcQ/pL1Og+kv5j0IucnwgVSYNE9cE2Br09LK8FFK07i/IUEg==', N'GIVUDEVXZLENUY5ND4NR33QKYWUZ32J4', N'61553275-4555-45cc-b2c7-03945fbf5cf5', NULL, 0, 0, NULL, 1, 0)
INSERT INTO [dbo].[AspNetUserRoles] ([UserId], [RoleId]) VALUES (N'33d13aa8-0d85-4333-b4a8-e27334bbcbef', N'17ed3182-a000-47e2-be6c-218ffd0dd458')
INSERT INTO [dbo].[AspNetUserRoles] ([UserId], [RoleId]) VALUES (N'a4076a12-3bf8-48a7-b5f7-0217509ce7a9', N'17ed3182-a000-47e2-be6c-218ffd0dd458')
INSERT INTO [dbo].[AspNetUserRoles] ([UserId], [RoleId]) VALUES (N'64ef79e2-ea4a-4c1b-9ad3-ee4712645ee1', N'aaec703c-d9c9-4b5c-b520-af94616efc27')
SET IDENTITY_INSERT [dbo].[Customer] ON
INSERT INTO [dbo].[Customer] ([Id], [Name], [Email]) VALUES (1, N'Jack  Ryan ', N'jack@recipes.com')
INSERT INTO [dbo].[Customer] ([Id], [Name], [Email]) VALUES (2, N'Hans Fleming', N'hans@recipes.com')
SET IDENTITY_INSERT [dbo].[Customer] OFF
SET IDENTITY_INSERT [dbo].[Recipe] ON
INSERT INTO [dbo].[Recipe] ([Id], [Title], [Instructions], [RecipeImageLocation], [Price]) VALUES (1, N'Instant frozen berry yogurt', N'Ingredients: 250g frozen mixed berry 250g 0%-fat Greek yogurt 1 tbsp honey or agave syrup <br>  <br> Blend berries, yogurt and honey or agave syrup in a food processor for 20 seconds, until it comes together to a smooth ice-cream texture. Scoop into bowls and serve.  ', N'strawberry_yogurt.jpg', CAST(20.00 AS Decimal(18, 2)))
INSERT INTO [dbo].[Recipe] ([Id], [Title], [Instructions], [RecipeImageLocation], [Price]) VALUES (2, N'Breakfast super-shake', N'Ingredients 100ml full-fat milk  2 tbsp natural yogurt 1 banana  150g frozen fruits of the forest 50g blueberries  1 tbsp chia seeds ½ tsp cinnamon  1 tbsp goji berries  1 tsp mixed seeds 1 tsp honey   (ideally Manuka)  <br> <br> Put the ingredients in a blender and blitz until smooth. Pour into a glass and enjoy!', N'breakfast-super-shake.jpg', CAST(15.25 AS Decimal(18, 2)))
INSERT INTO [dbo].[Recipe] ([Id], [Title], [Instructions], [RecipeImageLocation], [Price]) VALUES (3, N'Chorizo bean burgers', N'Ingredients 100g mini cooking chorizo  , skins removed 3 pork sausages, squeezed from their skins ¼ tsp smoked paprika 1 tbsp lime juice, plus wedges to serve small bunch coriander, chopped ½ x 400g can mixed beans, drained and rinsed 1 medium egg, lightly whisked 1½ tbsp olive oil  , plus extra to drizzle 2 ciabatta rolls, split and toasted soured cream, avocado, small handful rocket and chips, to serve (optional)  <br>  <br>   In a food processor, pulse the chorizo, sausagemeat, paprika, lime juice and coriander until well combined. Add the beans and some seasoning, and quickly pulse again to mix. Tip into a bowl and mix in just enough egg (about half) to bind. Shape into 2 fat burgers, cover and chill for 15 mins. Meanwhile, heat oven to 200C/180C fan/gas 6.  Heat the oil in a pan and fry the burgers for 3 mins on each side. Transfer to a baking sheet and cook in the oven for a further 10 mins until cooked through.  Serve the burgers in rolls with soured cream, avocado and rocket, with chips and lime wedges on the side, if you like.', N'bean_burguer.jpg', CAST(25.75 AS Decimal(18, 2)))
SET IDENTITY_INSERT [dbo].[Recipe] OFF
SET IDENTITY_INSERT [dbo].[Payment] ON
INSERT INTO [dbo].[Payment] ([Id], [RecipeId], [CustomerId]) VALUES (1, 1, 1)
INSERT INTO [dbo].[Payment] ([Id], [RecipeId], [CustomerId]) VALUES (2, 3, 2)
INSERT INTO [dbo].[Payment] ([Id], [RecipeId], [CustomerId]) VALUES (3, 1, 2)
INSERT INTO [dbo].[Payment] ([Id], [RecipeId], [CustomerId]) VALUES (4, 2, 2)
INSERT INTO [dbo].[Payment] ([Id], [RecipeId], [CustomerId]) VALUES (5, 3, 1)
SET IDENTITY_INSERT [dbo].[Payment] OFF
